id,name,model_id:id,group_id:id,perm_read,perm_write,perm_create,perm_unlink
access_requirement_user,requirement user,model_garment_compliance_requirement,group_compliance_user,1,1,1,0
access_requirement_manager,requirement manager,model_garment_compliance_requirement,group_compliance_manager,1,1,1,1
access_buyer_user,buyer user,model_garment_compliance_buyer,group_compliance_user,1,0,0,0
access_buyer_manager,buyer manager,model_garment_compliance_buyer,group_compliance_manager,1,1,1,1
access_audit_user,audit user,model_garment_compliance_audit,group_compliance_user,1,1,1,0
access_audit_manager,audit manager,model_garment_compliance_audit,group_compliance_manager,1,1,1,1
access_audit_line_user,audit line user,model_garment_compliance_audit_line,group_compliance_user,1,1,1,0
access_audit_line_manager,audit line manager,model_garment_compliance_audit_line,group_compliance_manager,1,1,1,1
access_finding_user,finding user,model_garment_compliance_finding,group_compliance_user,1,1,1,0
access_finding_manager,finding manager,model_garment_compliance_finding,group_compliance_manager,1,1,1,1
access_capa_user,capa user,model_garment_compliance_capa,group_compliance_user,1,1,1,0
access_capa_manager,capa manager,model_garment_compliance_capa,group_compliance_manager,1,1,1,1
access_certificate_user,certificate user,model_garment_compliance_certificate,group_compliance_user,1,1,1,0
access_certificate_manager,certificate manager,model_garment_compliance_certificate,group_compliance_manager,1,1,1,1
access_safety_user,safety user,model_garment_compliance_safety,group_compliance_user,1,1,1,0
access_safety_manager,safety manager,model_garment_compliance_safety,group_compliance_manager,1,1,1,1
access_training_user,training user,model_garment_compliance_training,group_compliance_user,1,1,1,0
access_training_manager,training manager,model_garment_compliance_training,group_compliance_manager,1,1,1,1
access_grievance_officer,grievance officer,model_garment_compliance_grievance,group_compliance_officer,1,1,1,0
access_grievance_manager,grievance manager,model_garment_compliance_grievance,group_compliance_manager,1,1,1,1
access_incident_user,incident user,model_garment_compliance_incident,group_compliance_user,1,1,1,0
access_incident_manager,incident manager,model_garment_compliance_incident,group_compliance_manager,1,1,1,1
access_chemical_user,chemical user,model_garment_compliance_chemical,group_compliance_user,1,1,1,0
access_chemical_manager,chemical manager,model_garment_compliance_chemical,group_compliance_manager,1,1,1,1
access_environment_user,environment user,model_garment_compliance_environment,group_compliance_user,1,1,1,0
access_environment_manager,environment manager,model_garment_compliance_environment,group_compliance_manager,1,1,1,1
access_policy_user,policy user,model_garment_compliance_policy,group_compliance_user,1,0,0,0
access_policy_manager,policy manager,model_garment_compliance_policy,group_compliance_manager,1,1,1,1
access_checklist_user,checklist user,model_garment_compliance_checklist_template,group_compliance_user,1,0,0,0
access_checklist_manager,checklist manager,model_garment_compliance_checklist_template,group_compliance_manager,1,1,1,1
access_checklist_line_user,checklist line user,model_garment_compliance_checklist_template_line,group_compliance_user,1,0,0,0
access_checklist_line_manager,checklist line manager,model_garment_compliance_checklist_template_line,group_compliance_manager,1,1,1,1
access_workhour_officer,workhour officer,model_garment_compliance_workhour_review,group_compliance_officer,1,1,1,0
access_workhour_manager,workhour manager,model_garment_compliance_workhour_review,group_compliance_manager,1,1,1,1
access_workhour_line_officer,workhour line officer,model_garment_compliance_workhour_review_line,group_compliance_officer,1,1,1,0
access_workhour_line_manager,workhour line manager,model_garment_compliance_workhour_review_line,group_compliance_manager,1,1,1,1
access_wage_officer,wage officer,model_garment_compliance_wage_review,group_compliance_officer,1,1,1,0
access_wage_manager,wage manager,model_garment_compliance_wage_review,group_compliance_manager,1,1,1,1
access_wage_line_officer,wage line officer,model_garment_compliance_wage_review_line,group_compliance_officer,1,1,1,0
access_wage_line_manager,wage line manager,model_garment_compliance_wage_review_line,group_compliance_manager,1,1,1,1
access_fire_drill_user,fire drill user,model_garment_compliance_fire_drill,group_compliance_user,1,1,1,0
access_fire_drill_manager,fire drill manager,model_garment_compliance_fire_drill,group_compliance_manager,1,1,1,1
access_equipment_user,equipment user,model_garment_compliance_equipment,group_compliance_user,1,1,1,0
access_equipment_manager,equipment manager,model_garment_compliance_equipment,group_compliance_manager,1,1,1,1
access_vendor_user,vendor user,model_garment_compliance_vendor,group_compliance_user,1,1,1,0
access_vendor_manager,vendor manager,model_garment_compliance_vendor,group_compliance_manager,1,1,1,1
access_document_user,document user,model_garment_compliance_document,group_compliance_user,1,1,1,0
access_document_manager,document manager,model_garment_compliance_document,group_compliance_manager,1,1,1,1
access_legal_user,legal user,model_garment_compliance_legal,group_compliance_user,1,1,1,0
access_legal_manager,legal manager,model_garment_compliance_legal,group_compliance_manager,1,1,1,1
access_worker_document_officer,worker document officer,model_garment_compliance_worker_document,group_compliance_officer,1,1,1,0
access_worker_document_manager,worker document manager,model_garment_compliance_worker_document,group_compliance_manager,1,1,1,1
access_ppe_user,ppe user,model_garment_compliance_ppe_issue,group_compliance_user,1,1,1,0
access_ppe_manager,ppe manager,model_garment_compliance_ppe_issue,group_compliance_manager,1,1,1,1
access_committee_user,committee user,model_garment_compliance_committee,group_compliance_user,1,1,1,0
access_committee_manager,committee manager,model_garment_compliance_committee,group_compliance_manager,1,1,1,1
access_meeting_user,meeting user,model_garment_compliance_meeting,group_compliance_user,1,1,1,0
access_meeting_manager,meeting manager,model_garment_compliance_meeting,group_compliance_manager,1,1,1,1
access_meeting_action_user,meeting action user,model_garment_compliance_meeting_action,group_compliance_user,1,1,1,0
access_meeting_action_manager,meeting action manager,model_garment_compliance_meeting_action,group_compliance_manager,1,1,1,1
access_training_matrix_user,training matrix user,model_garment_compliance_training_matrix,group_compliance_user,1,0,0,0
access_training_matrix_manager,training matrix manager,model_garment_compliance_training_matrix,group_compliance_manager,1,1,1,1
access_risk_user,risk user,model_garment_compliance_risk,group_compliance_user,1,1,1,0
access_risk_manager,risk manager,model_garment_compliance_risk,group_compliance_manager,1,1,1,1
